time,hazard,cumhaz,survival,method
0.01,0.4398708682611473,0.004399286547050626,0.9956103761391759,Julia PIJCV
0.03507537688442211,0.43957954006937167,0.015425567037157112,0.9846927976264881,Julia PIJCV
0.06015075376884422,0.4392854707144121,0.026444508910991496,0.9739020852234102,Julia PIJCV
0.08522613065326633,0.43898822194146325,0.03745603793815163,0.9632367626641642,Julia PIJCV
0.11030150753768844,0.43868735549571997,0.04846006889883098,0.9526953807219429,Julia PIJCV
0.13537688442211054,0.43838243312237657,0.059456505583818514,0.9422765164669258,Julia PIJCV
0.16045226130653267,0.4380730165666278,0.07044524079449888,0.9319787725456522,Julia PIJCV
0.18552763819095477,0.4377586675736685,0.08142615634285227,0.921800776481209,Julia PIJCV
0.21060301507537688,0.4374389478886929,0.09239912305145444,0.9117411799937073,Julia PIJCV
0.235678391959799,0.43711341925689606,0.10336400075347679,0.9017986583405418,Julia PIJCV
0.2607537688442211,0.4367816434234723,0.11432063829268617,0.8919719096759329,Julia PIJCV
0.2858291457286432,0.4364431821336165,0.12526887352344523,0.882259654429271,Julia PIJCV
0.31090452261306534,0.43609759713252305,0.13620853331071198,0.872660634701796,Julia PIJCV
0.3359798994974874,0.43574445016538665,0.14713943353004016,0.8631736136811511,Julia PIJCV
0.36105527638190954,0.43538330297740213,0.15806137906757906,0.8537973750733716,Julia PIJCV
0.38613065326633167,0.43501371731376404,0.16897416382007355,0.8445307225518724,Julia PIJCV
0.41120603015075374,0.4346352549196669,0.17987757069486401,0.8353724792230167,Julia PIJCV
0.43628140703517587,0.43424747754030546,0.19077137160988653,0.8263214871078525,Julia PIJCV
0.461356783919598,0.4338499469208743,0.20165532749367276,0.8173766066396205,Julia PIJCV
0.4864321608040201,0.433442224806568,0.21252918828534975,0.8085367161766428,Julia PIJCV
0.5115075376884423,0.4330238729425812,0.22339269293464042,0.7998007115302125,Julia PIJCV
0.5365829145728643,0.43259445307410865,0.23424556940186314,0.7911675055071165,Julia PIJCV
0.5616582914572864,0.432153526946345,0.24508753465793184,0.7826360274664289,Julia PIJCV
0.5867336683417086,0.43170065630448473,0.255918294684356,0.7742052228902246,Julia PIJCV
0.6118090452261307,0.43123540289372264,0.2667375444732408,0.7658740529678701,Julia PIJCV
0.6368844221105527,0.4307573284592533,0.2775449680272869,0.757641494193556,Julia PIJCV
0.6619597989949749,0.43026599474627125,0.28834023835979067,0.7495065379767463,Julia PIJCV
0.687035175879397,0.42976096349997117,0.2991230174946439,0.7414681902652241,Julia PIJCV
0.7121105527638191,0.4292417964655479,0.309892956466334,0.7335254711804242,Julia PIJCV
0.7371859296482413,0.42870800802766346,0.32064969502708324,0.7256774148772701,Julia PIJCV
0.7622613065326633,0.4281589152449595,0.331392858294924,0.7179230715982436,Julia PIJCV
0.7873366834170854,0.4275937837922624,0.3421220533009036,0.7102615096568178,Julia PIJCV
0.8124120603015076,0.4270118793442747,0.3528368686625854,0.7026918150833761,Julia PIJCV
0.8374874371859297,0.4264124675756988,0.3635368745840491,0.6952130910499436,Julia PIJCV
0.8625628140703517,0.4257948141612372,0.374221622855891,0.6878244573153192,Julia PIJCV
0.8876381909547739,0.4251581847755926,0.3848906468552238,0.6805250496901217,Julia PIJCV
0.912713567839196,0.42450184509346733,0.39554346154567627,0.6733140195212783,Julia PIJCV
0.9377889447236181,0.4238250607895639,0.40617956347739415,0.666190533195491,Julia PIJCV
0.9628643216080403,0.42312709753858485,0.41679843078703926,0.6591537716612367,Julia PIJCV
0.9879396984924623,0.4224072210152327,0.42739952319778957,0.6522029299688591,Julia PIJCV
1.0130150753768845,0.42166469689421,0.43798228201934014,0.6453372168283277,Julia PIJCV
1.0380904522613066,0.4208987908502193,0.448546130147902,0.6385558541842489,Julia PIJCV
1.0631658291457287,0.42010876855796286,0.4590904720662023,0.6318580768077218,Julia PIJCV
1.0882412060301507,0.4192938956921435,0.4696146938434853,0.6252431319046441,Julia PIJCV
1.1133165829145728,0.4184534379274635,0.4801181631355113,0.6187102787400823,Julia PIJCV
1.1383919597989949,0.4175866609386255,0.4906002291845568,0.61225878827833,Julia PIJCV
1.1634673366834172,0.4166928304003319,0.5010602228194153,0.6058879428382844,Julia PIJCV
1.1885427135678392,0.4157711973069591,0.5114974563842407,0.5995970358064514,Julia PIJCV
1.2136180904522613,0.41482089430340874,0.521911222126037,0.593385372276526,Julia PIJCV
1.2386934673366834,0.4138409968733425,0.5323007895488232,0.5872522702508111,Julia PIJCV
1.2637688442211055,0.41283058012982976,0.5426654049652561,0.5811970604842553,Julia PIJCV
1.2888442211055275,0.4117887191859405,0.553004291496105,0.5752190860733996,Julia PIJCV
1.3139195979899498,0.4107144891547446,0.5633166490702503,0.5693177020637086,Julia PIJCV
1.338994974874372,0.4096069651493118,0.5736016544246839,0.5634922750751904,Julia PIJCV
1.364070351758794,0.408465222282712,0.5838584611045101,0.5577421829459003,Julia PIJCV
1.389145728643216,0.40728833566801476,0.5940861994629443,0.5520668143929376,Julia PIJCV
1.4142211055276381,0.40607538041829017,0.6042839766613133,0.5464655686905507,Julia PIJCV
1.4392964824120602,0.404825431646608,0.6144508766690564,0.5409378553649786,Julia PIJCV
1.4643718592964825,0.40353756446603795,0.624585960263724,0.5354830939056654,Julia PIJCV
1.4894472361809046,0.40221085398964984,0.6346882650309777,0.5301007134924973,Julia PIJCV
1.5145226130653267,0.40084437533051365,0.6447568053645919,0.5247901527387144,Julia PIJCV
1.5395979899497487,0.399437203601699,0.6547905724664518,0.5195508594491686,Julia PIJCV
1.5646733668341708,0.3979884139162758,0.664788534346554,0.5143822903935994,Julia PIJCV
1.5897487437185929,0.3964970813873139,0.6747496358230078,0.5092839110946143,Julia PIJCV
1.6148241206030152,0.394962281127883,0.6846727985220333,0.5042551956300677,Julia PIJCV
1.6398994974874372,0.393383088251053,0.6945569208779625,0.499295626449542,Julia PIJCV
1.6649748743718593,0.39175857786989376,0.7044008781332393,0.49440469420464306,Julia PIJCV
1.6900502512562814,0.3900878262246956,0.714203522340378,0.4895818975918738,Julia PIJCV
1.7151256281407035,0.38837001523344766,0.7239636832344359,0.4848267427867833,Julia PIJCV
1.7402010050251255,0.38660451731575823,0.7336801727563352,0.48013874116274885,Julia PIJCV
1.7652763819095478,0.38479072485275984,0.7433517875202865,0.4755174081246801,Julia PIJCV
1.79035175879397,0.38292803022558486,0.7529773089042286,0.47096226313679534,Julia PIJCV
1.815427135678392,0.38101582581536564,0.7625555030498286,0.4664728297996136,Julia PIJCV
1.840502512562814,0.3790535040032347,0.7720851208624807,0.4620486359313532,Julia PIJCV
1.8655778894472361,0.37704045717032414,0.7815648980113078,0.457689213653651,Julia PIJCV
1.8906532663316582,0.37497607769776653,0.7909935549291602,0.453394099481522,Julia PIJCV
1.9157286432160805,0.37285975796669424,0.8003697968126164,0.4491628344174847,Julia PIJCV
1.9408040201005026,0.3706908903582396,0.8096923136219821,0.44499496404978756,Julia PIJCV
1.9658793969849246,0.36846886725353506,0.8189597800812921,0.44089003865467363,Julia PIJCV
1.9909547738693467,0.36619308103371284,0.8281708556783076,0.436847613302636,Julia PIJCV
2.016030150753769,0.3638629240799056,0.8373241846645194,0.43286724796861276,Julia PIJCV
2.041105527638191,0.3614777887732455,0.8464183960551448,0.4289485076460903,Julia PIJCV
2.066180904522613,0.35903706749486497,0.8554521036291292,0.42509096246508016,Julia PIJCV
2.091256281407035,0.35654015262589633,0.8644239059291466,0.421294187813949,Julia PIJCV
2.116331658291457,0.3539864365474722,0.8733323862615985,0.41755776446508924,Julia PIJCV
2.1414070351758796,0.35137531164072455,0.8821761126966141,0.41388127870442154,Julia PIJCV
2.1664824120603017,0.3487061702867862,0.8909536380680507,0.41026432246473316,Julia PIJCV
2.1915577889447238,0.3459784048667892,0.899663499973493,0.4067064934628632,Julia PIJCV
2.216633165829146,0.34319140776186613,0.9083042207742547,0.4032073953407522,Julia PIJCV
2.241708542713568,0.3403445713531493,0.9168743075953764,0.39976663781038835,Julia PIJCV
2.26678391959799,0.3374372880217711,0.9253722523256269,0.39638383680268435,Julia PIJCV
2.291859296482412,0.3344689501488639,0.9337965316175031,0.39305861462033304,Julia PIJCV
2.316934673366834,0.33143897770775854,0.9421456069531841,0.38979060006899136,Julia PIJCV
2.342010050251256,0.32834799200265274,0.9504179356730196,0.38657942435594567,Julia PIJCV
2.3670854271356783,0.32519825372593403,0.9586120151696449,0.38342470448512944,Julia PIJCV
2.3921608040201003,0.32199214143681615,0.966726402021818,0.38032603699979045,Julia PIJCV
2.4172361809045224,0.3187320336945128,0.9747597124515661,0.37728299907914087,Julia PIJCV
2.442311557788945,0.3154203090582379,0.9827106223241846,0.3742951497575405,Julia PIJCV
2.467386934673367,0.3120593460872052,0.9905778671482381,0.3713620310876885,Julia PIJCV
2.492462311557789,0.3086515233406284,0.9983602420755596,0.368483169249016,Julia PIJCV
2.517537688442211,0.3051992193777214,1.0060566019012513,0.36565807560249536,Julia PIJCV
2.5426130653266332,0.30170481275769767,1.0136658610636835,0.3628862476931052,Julia PIJCV
2.5676884422110553,0.2981706820397714,1.0211869936444957,0.3601671702012002,Julia PIJCV
2.5927638190954774,0.29459920578315596,1.028619033368596,0.3575003158440531,Julia PIJCV
2.6178391959798994,0.2909927625470653,1.035961073604161,0.35488514622883804,Julia PIJCV
2.6429145728643215,0.2873537308907132,1.0432122673626365,0.35232111265832944,Julia PIJCV
2.6679899497487436,0.28368448937331336,1.050371827298736,0.34980765689059595,Julia PIJCV
2.6930653266331657,0.27998741655407966,1.0574390257104433,0.347344211853956,Julia PIJCV
2.7181407035175877,0.27626489099222573,1.0644131945390098,0.34493020231847066,Julia PIJCV
2.7432160804020103,0.27251929124696544,1.071293725368956,0.34256504552522776,Julia PIJCV
2.7682914572864323,0.2687529958775125,1.078080069428071,0.3402481517746722,Julia PIJCV
2.7933668341708544,0.2649683834430807,1.0847717375874124,0.33797892497522036,Julia PIJCV
2.8184422110552765,0.26116783250288383,1.091368300361307,0.33575676315338554,Julia PIJCV
2.8435175879396986,0.25735372161613557,1.0978693879073504,0.3335810589266256,Julia PIJCV
2.8685929648241206,0.2535284293420499,1.1042746900264067,0.33145119994010996,Julia PIJCV
2.8936683417085427,0.24969433423984028,1.1105839561626079,0.3293665692685843,Julia PIJCV
2.9187437185929648,0.24585381486872077,1.1167969954033563,0.3273265457844942,Julia PIJCV
2.943819095477387,0.24200924978790486,1.1229136764793215,0.32533050449351364,Julia PIJCV
2.968894472361809,0.23816301755660652,1.128933927764443,0.3233778168385999,Julia PIJCV
2.993969849246231,0.2343174967340394,1.1348577372759283,0.3214678509736837,Julia PIJCV
3.019045226130653,0.2304750658794174,1.1406851526742545,0.31959997200807905,Julia PIJCV
3.0441206030150756,0.2266381035519541,1.1464162812631655,0.3177735422226826,Julia PIJCV
3.0691959798994977,0.2228088254178477,1.1520512890665284,0.3159879215507109,Julia PIJCV
3.0942713567839197,0.21898857684297857,1.1575903872789335,0.31424247199034205,Julia PIJCV
3.119346733668342,0.2151784137309137,1.1630338155608972,0.31253656284027415,Julia PIJCV
3.144422110552764,0.2113793917903172,1.1683818400453474,0.31086957117921243,Julia PIJCV
3.169497487437186,0.20759256672985327,1.1736347533375033,0.3092408817039823,Julia PIJCV
3.194572864321608,0.20381899425818584,1.178792874514878,0.3076498865635467,Julia PIJCV
3.21964824120603,0.2000597300839789,1.1838565491272766,0.3060959851891888,Julia PIJCV
3.244723618090452,0.19631582991589658,1.188826149196796,0.30457858412106686,Julia PIJCV
3.2697989949748743,0.19258834946260295,1.193702073217827,0.30309709683134123,Julia PIJCV
3.2948743718592963,0.18887834443276202,1.1984847461570531,0.30165094354406785,Julia PIJCV
3.3199497487437184,0.18518687053503785,1.2031746194534487,0.300239551052041,Julia PIJCV
3.345025125628141,0.18151498347809447,1.2077721710182834,0.29886235253075943,Julia PIJCV
3.370100502512563,0.17786373897059593,1.212277905235117,0.29751878734969006,Julia PIJCV
3.395175879396985,0.17423419272120635,1.2166923529598037,0.2962083008809859,Julia PIJCV
3.420251256281407,0.1706274004385898,1.2210160715204887,0.2949303443058201,Julia PIJCV
3.445326633165829,0.16704441783141025,1.2252496447176124,0.29368437441848233,Julia PIJCV
3.4704020100502513,0.16348630060833175,1.2293936828239045,0.292469853428387,Julia PIJCV
3.4954773869346734,0.15995410447801833,1.2334488225843898,0.2912862487601298,Julia PIJCV
3.5205527638190954,0.15644888514913413,1.2374157272163853,0.29013303285173303,Julia PIJCV
3.5456281407035175,0.15297169833034316,1.2412950864094996,0.28900968295120943,Julia PIJCV
3.5707035175879396,0.1495235997303095,1.2450876163256352,0.28791568091157405,Julia PIJCV
3.5957788944723617,0.14610564505769708,1.248794059598986,0.2868505129844312,Julia PIJCV
3.6208542713567837,0.14271889002117008,1.2524151853360395,0.285813669612258,Julia PIJCV
3.6459296482412062,0.13936439032939246,1.2559517891155756,0.28480464521950777,Julia PIJCV
3.6710050251256283,0.13604320169102838,1.2594046929886669,0.2838229380026512,Julia PIJCV
3.6960804020100504,0.1327563798147418,1.262774745478678,0.2828680497192738,Julia PIJCV
3.7211557788944725,0.12950498040919686,1.2660628215812673,0.2819394854763475,Julia PIJCV
3.7462311557788945,0.12629005918305755,1.2692698227643842,0.28103675351779267,Julia PIJCV
3.7713065326633166,0.12311267184498789,1.2723966769682729,0.2801593650114461,Julia PIJCV
3.7963819095477387,0.119973874103652,1.2754443386054675,0.27930683383555577,Julia PIJCV
3.8214572864321608,0.1168747216677139,1.2784137885607971,0.2784786763649139,Julia PIJCV
3.846532663316583,0.11381627024583763,1.281306034191383,0.277674411256754,Julia PIJCV
3.871608040201005,0.11079957554668725,1.2841221093266382,0.2768935592365276,Julia PIJCV
3.896683417085427,0.10782569327892683,1.2868630742682683,0.27613564288368475,Julia PIJCV
3.921758793969849,0.10489567915122038,1.2895300157902727,0.27540018641758224,Julia PIJCV
3.9468341708542716,0.10201058887223192,1.2921240471389424,0.27468671548364876,Julia PIJCV
3.9719095477386936,0.09917147815062563,1.294646308032862,0.2739947569399344,Julia PIJCV
3.9969849246231157,0.09637940269506548,1.2970979646629077,0.27332383864418175,Julia PIJCV
4.022060301507538,0.09363541821421552,1.299480209692249,0.272673489241553,Julia PIJCV
4.047135678391959,0.0909405804167399,1.3017942622563479,0.272043237953158,Julia PIJCV
4.072211055276382,0.08829594501130245,1.3040413679629586,0.27143261436552724,Julia PIJCV
4.0972864321608045,0.08570256770656737,1.3062227988921284,0.27084114822118316,Julia PIJCV
4.122361809045226,0.08316150421119879,1.308339853596197,0.2702683692104648,Julia PIJCV
4.147437185929649,0.08067381023386057,1.310393857099797,0.26971380676476914,Julia PIJCV
4.17251256281407,0.07824054148321695,1.3123861608998535,0.2691769898513767,Julia PIJCV
4.197587939698493,0.0758627536679318,1.3143181429655844,0.2686574467700361,Julia PIJCV
4.222663316582914,0.07354150249666934,1.3161912077384992,0.2681547049514888,Julia PIJCV
4.247738693467337,0.07127784367809348,1.3180067861324019,0.26766829075812043,Julia PIJCV
4.2728140703517585,0.0690728329208684,1.3197663355333875,0.2671977292869369,Julia PIJCV
4.297889447236181,0.066927525933658,1.3214713397998445,0.266742544175064,Julia PIJCV
4.322964824120603,0.0648429784251265,1.3231233092624533,0.2663022574079839,Julia PIJCV
4.348040201005025,0.06282024610393779,1.324723780724188,0.2658763891307244,Julia PIJCV
4.373115577889447,0.06086038467875607,1.3262743174603144,0.26546445746223024,Julia PIJCV
4.398190954773869,0.05896444985824524,1.327776509218391,0.2650659783131483,Julia PIJCV
4.423266331658292,0.05713349735106946,1.3292319722182697,0.26468046520727273,Julia PIJCV
4.4483417085427135,0.0553685828658928,1.3306423491520942,0.26430742910690197,Julia PIJCV
4.473417085427136,0.0536707621113792,1.3320093091843015,0.2639463782423691,Julia PIJCV
4.498492462311558,0.05204109079619283,1.3333345479516203,0.26359681794601686,Julia PIJCV
4.52356783919598,0.05048062462899764,1.3346197875630728,0.263258250490897,Julia PIJCV
4.548643216080402,0.04899041931845778,1.3358667765999737,0.26293017493448484,Julia PIJCV
4.573718592964824,0.047571530573237195,1.3370772901159298,0.26261208696770777,Julia PIJCV
4.598793969849246,0.04622501410200004,1.338253129636841,0.26230347876959687,Julia PIJCV
4.6238693467336685,0.04495192561341028,1.3393961231608997,0.26200383886788037,Julia PIJCV
4.64894472361809,0.04375332081613203,1.3405081251585915,0.2617126520058481,Julia PIJCV
4.674020100502513,0.042630255418829276,1.3415910165726936,0.26142939901582435,Julia PIJCV
4.699095477386935,0.04158378513016611,1.3426467048182766,0.2611535566995973,Julia PIJCV
4.724170854271357,0.04061496565880663,1.343677123782703,0.2608845977161628,Julia PIJCV
4.749246231155779,0.03972485271341479,1.3446842338256286,0.26062199047714835,Julia PIJCV
4.774321608040201,0.038914502002654734,1.3456700217790019,0.2603651990502947,Julia PIJCV
4.799396984924623,0.03818496923519042,1.3466365009470636,0.26011368307137944,Julia PIJCV
4.824472361809045,0.03753731011968599,1.3475857111063467,0.25986689766497645,Julia PIJCV
4.849547738693468,0.03697258036480543,1.348519718505678,0.25962429337445403,Julia PIJCV
4.874623115577889,0.036491835679212825,1.3494406158661758,0.2593853161016231,Julia PIJCV
4.899698492462312,0.0360961317715722,1.3503505223812517,0.25914940705645206,Julia PIJCV
4.924773869346733,0.03578652435054764,1.35125158371661,0.25891600271727727,Julia PIJCV
4.949849246231156,0.035564069124803165,1.3521459720102464,0.25868453480193854,Julia PIJCV
4.9749246231155775,0.03542982180300285,1.3530358858724514,0.25845443025028125,Julia PIJCV
5.0,0.03538483809381073,1.3539235503858058,0.25822511121846986,Julia PIJCV
0.01,0.4398708682611157,0.004399286547050309,0.9956103761391762,Julia PIJCV10
0.03507537688442211,0.4395795400693405,0.015425567037156005,0.9846927976264891,Julia PIJCV10
0.06015075376884422,0.43928547071438145,0.026444508910989616,0.9739020852234119,Julia PIJCV10
0.08522613065326633,0.4389882219414329,0.03745603793814899,0.9632367626641668,Julia PIJCV10
0.11030150753768844,0.43868735549569005,0.04846006889882757,0.9526953807219462,Julia PIJCV10
0.13537688442211054,0.43838243312234704,0.05945650558381438,0.9422765164669297,Julia PIJCV10
0.16045226130653267,0.43807301656659875,0.07044524079449402,0.9319787725456568,Julia PIJCV10
0.18552763819095477,0.4377586675736399,0.08142615634284668,0.9218007764812141,Julia PIJCV10
0.21060301507537688,0.43743894788866466,0.09239912305144812,0.9117411799937131,Julia PIJCV10
0.235678391959799,0.43711341925686825,0.10336400075346978,0.9017986583405482,Julia PIJCV10
0.2607537688442211,0.4367816434234449,0.11432063829267847,0.8919719096759398,Julia PIJCV10
0.2858291457286432,0.43644318213358946,0.12526887352343685,0.8822596544292783,Julia PIJCV10
0.31090452261306534,0.4360975971324965,0.13620853331070293,0.8726606347018039,Julia PIJCV10
0.3359798994974874,0.43574445016536056,0.14713943353003042,0.8631736136811595,Julia PIJCV10
0.36105527638190954,0.4353833029773765,0.15806137906756867,0.8537973750733804,Julia PIJCV10
0.38613065326633167,0.4350137173137388,0.16897416382006253,0.8445307225518818,Julia PIJCV10
0.41120603015075374,0.434635254919642,0.17987757069485236,0.8353724792230265,Julia PIJCV10
0.43628140703517587,0.4342474775402809,0.19077137160987426,0.8263214871078626,Julia PIJCV10
0.461356783919598,0.4338499469208502,0.20165532749365986,0.8173766066396311,Julia PIJCV10
0.4864321608040201,0.4334422248065443,0.2125291882853363,0.8085367161766537,Julia PIJCV10
0.5115075376884423,0.43302387294255795,0.2233926929346264,0.7998007115302237,Julia PIJCV10
0.5365829145728643,0.4325944530740858,0.23424556940184857,0.791167505507128,Julia PIJCV10
0.5616582914572864,0.43215352694632264,0.24508753465791663,0.7826360274664408,Julia PIJCV10
0.5867336683417086,0.43170065630446275,0.25591829468434024,0.7742052228902369,Julia PIJCV10
0.6118090452261307,0.431235402893701,0.2667375444732245,0.7658740529678826,Julia PIJCV10
0.6368844221105527,0.430757328459232,0.2775449680272701,0.7576414941935687,Julia PIJCV10
0.6619597989949749,0.4302659947462503,0.2883402383597733,0.7495065379767593,Julia PIJCV10
0.687035175879397,0.42976096349995074,0.299123017494626,0.7414681902652374,Julia PIJCV10
0.7121105527638191,0.4292417964655278,0.3098929564663156,0.7335254711804378,Julia PIJCV10
0.7371859296482413,0.4287080080276437,0.3206496950270642,0.725677414877284,Julia PIJCV10
0.7622613065326633,0.4281589152449402,0.3313928582949046,0.7179230715982576,Julia PIJCV10
0.7873366834170854,0.4275937837922435,0.34212205330088374,0.7102615096568319,Julia PIJCV10
0.8124120603015076,0.42701187934425616,0.3528368686625651,0.7026918150833903,Julia PIJCV10
0.8374874371859297,0.42641246757568063,0.36353687458402834,0.695213091049958,Julia PIJCV10
0.8625628140703517,0.4257948141612194,0.3742216228558697,0.6878244573153338,Julia PIJCV10
0.8876381909547739,0.42515818477557515,0.384890646855202,0.6805250496901366,Julia PIJCV10
0.912713567839196,0.42450184509345024,0.3955434615456541,0.6733140195212932,Julia PIJCV10
0.9377889447236181,0.4238250607895471,0.40617956347737155,0.666190533195506,Julia PIJCV10
0.9628643216080403,0.4231270975385685,0.4167984307870162,0.6591537716612519,Julia PIJCV10
0.9879396984924623,0.4224072210152167,0.4273995231977661,0.6522029299688744,Julia PIJCV10
1.0130150753768845,0.4216646968941943,0.4379822820193163,0.645337216828343,Julia PIJCV10
1.0380904522613066,0.42089879085020393,0.4485461301478778,0.6385558541842643,Julia PIJCV10
1.0631658291457287,0.42010876855794793,0.45909047206617776,0.6318580768077373,Julia PIJCV10
1.0882412060301507,0.4192938956921288,0.46961469384346033,0.6252431319046597,Julia PIJCV10
1.1133165829145728,0.41845343792744927,0.48011816313548594,0.6187102787400981,Julia PIJCV10
1.1383919597989949,0.4175866609386116,0.49060022918453117,0.6122587882783457,Julia PIJCV10
1.1634673366834172,0.41669283040031835,0.5010602228193892,0.6058879428383002,Julia PIJCV10
1.1885427135678392,0.41577119730694584,0.5114974563842143,0.5995970358064672,Julia PIJCV10
1.2136180904522613,0.41482089430339586,0.5219112221260105,0.5933853722765418,Julia PIJCV10
1.2386934673366834,0.4138409968733299,0.5323007895487962,0.5872522702508269,Julia PIJCV10
1.2637688442211055,0.41283058012981744,0.5426654049652289,0.5811970604842711,Julia PIJCV10
1.2888442211055275,0.4117887191859285,0.5530042914960773,0.5752190860734154,Julia PIJCV10
1.3139195979899498,0.410714489154733,0.5633166490702223,0.5693177020637246,Julia PIJCV10
1.338994974874372,0.40960696514930045,0.5736016544246556,0.5634922750752064,Julia PIJCV10
1.364070351758794,0.4084652222827009,0.5838584611044816,0.5577421829459162,Julia PIJCV10
1.389145728643216,0.4072883356680041,0.5940861994629154,0.5520668143929535,Julia PIJCV10
1.4142211055276381,0.40607538041827984,0.6042839766612844,0.5464655686905666,Julia PIJCV10
1.4392964824120602,0.4048254316465979,0.6144508766690273,0.5409378553649943,Julia PIJCV10
1.4643718592964825,0.4035375644660282,0.6245859602636945,0.5354830939056813,Julia PIJCV10
1.4894472361809046,0.4022108539896403,0.6346882650309481,0.5301007134925131,Julia PIJCV10
1.5145226130653267,0.4008443753305044,0.6447568053645619,0.5247901527387301,Julia PIJCV10
1.5395979899497487,0.3994372036016901,0.6547905724664215,0.5195508594491843,Julia PIJCV10
1.5646733668341708,0.39798841391626716,0.6647885343465235,0.5143822903936152,Julia PIJCV10
1.5897487437185929,0.39649708138730544,0.6747496358229771,0.50928391109463,Julia PIJCV10
1.6148241206030152,0.3949622811278749,0.6846727985220025,0.5042551956300833,Julia PIJCV10
1.6398994974874372,0.3933830882510452,0.6945569208779316,0.49929562644955744,Julia PIJCV10
1.6649748743718593,0.39175857786988616,0.7044008781332081,0.4944046942046585,Julia PIJCV10
1.6900502512562814,0.3900878262246883,0.7142035223403466,0.4895818975918892,Julia PIJCV10
1.7151256281407035,0.38837001523344056,0.7239636832344044,0.4848267427867986,Julia PIJCV10
1.7402010050251255,0.3866045173157514,0.7336801727563034,0.48013874116276417,Julia PIJCV10
1.7652763819095478,0.38479072485275334,0.7433517875202545,0.4755174081246953,Julia PIJCV10
1.79035175879397,0.3829280302255786,0.7529773089041965,0.4709622631368105,Julia PIJCV10
1.815427135678392,0.38101582581535964,0.7625555030497964,0.4664728297996286,Julia PIJCV10
1.840502512562814,0.3790535040032288,0.7720851208624483,0.4620486359313682,Julia PIJCV10
1.8655778894472361,0.3770404571703184,0.7815648980112752,0.45768921365366594,Julia PIJCV10
1.8906532663316582,0.37497607769776115,0.7909935549291276,0.45339409948153675,Julia PIJCV10
1.9157286432160805,0.3728597579666891,0.8003697968125835,0.4491628344174995,Julia PIJCV10
1.9408040201005026,0.37069089035823466,0.8096923136219492,0.4449949640498022,Julia PIJCV10
1.9658793969849246,0.36846886725353034,0.8189597800812589,0.4408900386546883,Julia PIJCV10
1.9909547738693467,0.36619308103370835,0.8281708556782745,0.4368476133026505,Julia PIJCV10
2.016030150753769,0.3638629240799013,0.8373241846644861,0.4328672479686272,Julia PIJCV10
2.041105527638191,0.3614777887732413,0.8464183960551113,0.4289485076461047,Julia PIJCV10
2.066180904522613,0.35903706749486103,0.8554521036290956,0.4250909624650944,Julia PIJCV10
2.091256281407035,0.35654015262589256,0.864423905929113,0.42129418781396316,Julia PIJCV10
2.116331658291457,0.3539864365474686,0.8733323862615647,0.41755776446510334,Julia PIJCV10
2.1414070351758796,0.3513753116407212,0.8821761126965804,0.4138812787044355,Julia PIJCV10
2.1664824120603017,0.348706170286783,0.8909536380680166,0.41026432246474714,Julia PIJCV10
2.1915577889447238,0.34597840486678616,0.8996634999734591,0.40670649346287696,Julia PIJCV10
2.216633165829146,0.34319140776186324,0.9083042207742207,0.4032073953407659,Julia PIJCV10
2.241708542713568,0.34034457135314666,0.9168743075953422,0.39976663781040206,Julia PIJCV10
2.26678391959799,0.33743728802176864,0.9253722523255927,0.3963838368026979,Julia PIJCV10
2.291859296482412,0.3344689501488616,0.9337965316174687,0.3930586146203466,Julia PIJCV10
2.316934673366834,0.3314389777077564,0.9421456069531499,0.3897906000690047,Julia PIJCV10
2.342010050251256,0.3283479920026507,0.9504179356729854,0.38657942435595893,Julia PIJCV10
2.3670854271356783,0.32519825372593214,0.9586120151696106,0.3834247044851426,Julia PIJCV10
2.3921608040201003,0.3219921414368143,0.9667264020217834,0.3803260369998036,Julia PIJCV10
2.4172361809045224,0.3187320336945112,0.9747597124515315,0.37728299907915397,Julia PIJCV10
2.442311557788945,0.3154203090582365,0.9827106223241502,0.3742951497575534,Julia PIJCV10
2.467386934673367,0.31205934608720387,0.9905778671482035,0.3713620310877014,Julia PIJCV10
2.492462311557789,0.3086515233406272,0.9983602420755251,0.3684831692490287,Julia PIJCV10
2.517537688442211,0.30519921937772027,1.006056601901217,0.3656580756025079,Julia PIJCV10
2.5426130653266332,0.3017048127576967,1.0136658610636489,0.3628862476931177,Julia PIJCV10
2.5676884422110553,0.2981706820397705,1.021186993644461,0.36016717020121264,Julia PIJCV10
2.5927638190954774,0.2945992057831551,1.0286190333685612,0.3575003158440656,Julia PIJCV10
2.6178391959798994,0.29099276254706463,1.0359610736041263,0.3548851462288503,Julia PIJCV10
2.6429145728643215,0.28735373089071264,1.0432122673626014,0.3523211126583418,Julia PIJCV10
2.6679899497487436,0.2836844893733129,1.0503718272987013,0.34980765689060805,Julia PIJCV10
2.6930653266331657,0.2799874165540793,1.0574390257104087,0.347344211853968,Julia PIJCV10
2.7181407035175877,0.2762648909922255,1.0644131945389752,0.3449302023184826,Julia PIJCV10
2.7432160804020103,0.2725192912469652,1.0712937253689212,0.3425650455252397,Julia PIJCV10
2.7682914572864323,0.26875299587751245,1.0780800694280361,0.34024815177468404,Julia PIJCV10
2.7933668341708544,0.2649683834430807,1.0847717375873775,0.3379789249752322,Julia PIJCV10
2.8184422110552765,0.26116783250288395,1.0913683003612726,0.3357567631533971,Julia PIJCV10
2.8435175879396986,0.25735372161613573,1.0978693879073158,0.33358105892663714,Julia PIJCV10
2.8685929648241206,0.25352842934205005,1.1042746900263718,0.3314511999401215,Julia PIJCV10
2.8936683417085427,0.24969433423984053,1.110583956162573,0.3293665692685958,Julia PIJCV10
2.9187437185929648,0.24585381486872104,1.1167969954033217,0.32732654578450554,Julia PIJCV10
2.943819095477387,0.24200924978790522,1.1229136764792869,0.3253305044935249,Julia PIJCV10
2.968894472361809,0.23816301755660696,1.1289339277644086,0.32337781683861105,Julia PIJCV10
2.993969849246231,0.2343174967340399,1.1348577372758937,0.32146785097369485,Julia PIJCV10
3.019045226130653,0.23047506587941793,1.1406851526742197,0.3195999720080902,Julia PIJCV10
3.0441206030150756,0.22663810355195468,1.1464162812631307,0.3177735422226937,Julia PIJCV10
3.0691959798994977,0.22280882541784833,1.1520512890664938,0.31598792155072186,Julia PIJCV10
3.0942713567839197,0.21898857684297923,1.1575903872788988,0.314242471990353,Julia PIJCV10
3.119346733668342,0.2151784137309144,1.1630338155608628,0.31253656284028486,Julia PIJCV10
3.144422110552764,0.21137939179031798,1.1683818400453125,0.31086957117922326,Julia PIJCV10
3.169497487437186,0.20759256672985402,1.1736347533374691,0.30924088170399283,Julia PIJCV10
3.194572864321608,0.2038189942581866,1.1787928745148435,0.30764988656355724,Julia PIJCV10
3.21964824120603,0.20005973008397968,1.183856549127242,0.3060959851891994,Julia PIJCV10
3.244723618090452,0.1963158299158974,1.1888261491967613,0.3045785841210774,Julia PIJCV10
3.2697989949748743,0.1925883494626038,1.1937020732177925,0.30309709683135166,Julia PIJCV10
3.2948743718592963,0.18887834443276286,1.1984847461570183,0.30165094354407834,Julia PIJCV10
3.3199497487437184,0.1851868705350387,1.2031746194534143,0.30023955105205136,Julia PIJCV10
3.345025125628141,0.18151498347809536,1.207772171018249,0.2988623525307697,Julia PIJCV10
3.370100502512563,0.17786373897059685,1.2122779052350827,0.2975187873497002,Julia PIJCV10
3.395175879396985,0.17423419272120733,1.216692352959769,0.2962083008809961,Julia PIJCV10
3.420251256281407,0.1706274004385907,1.2210160715204543,0.29493034430583026,Julia PIJCV10
3.445326633165829,0.16704441783141113,1.2252496447175778,0.2936843744184925,Julia PIJCV10
3.4704020100502513,0.16348630060833266,1.22939368282387,0.29246985342839704,Julia PIJCV10
3.4954773869346734,0.15995410447801928,1.2334488225843556,0.2912862487601398,Julia PIJCV10
3.5205527638190954,0.15644888514913505,1.2374157272163508,0.290133032851743,Julia PIJCV10
3.5456281407035175,0.15297169833034413,1.2412950864094654,0.2890096829512193,Julia PIJCV10
3.5707035175879396,0.14952359973031035,1.245087616325601,0.28791568091158387,Julia PIJCV10
3.5957788944723617,0.14610564505769796,1.2487940595989517,0.28685051298444103,Julia PIJCV10
3.6208542713567837,0.142718890021171,1.252415185336005,0.28581366961226784,Julia PIJCV10
3.6459296482412062,0.13936439032939332,1.2559517891155414,0.28480464521951754,Julia PIJCV10
3.6710050251256283,0.13604320169102926,1.2594046929886327,0.28382293800266084,Julia PIJCV10
3.6960804020100504,0.13275637981474264,1.262774745478644,0.2828680497192834,Julia PIJCV10
3.7211557788944725,0.1295049804091977,1.2660628215812328,0.2819394854763572,Julia PIJCV10
3.7462311557788945,0.12629005918305833,1.26926982276435,0.2810367535178023,Julia PIJCV10
3.7713065326633166,0.12311267184498868,1.2723966769682387,0.2801593650114557,Julia PIJCV10
3.7963819095477387,0.11997387410365276,1.2754443386054333,0.2793068338355653,Julia PIJCV10
3.8214572864321608,0.11687472166771463,1.2784137885607634,0.2784786763649233,Julia PIJCV10
3.846532663316583,0.11381627024583835,1.2813060341913487,0.2776744112567635,Julia PIJCV10
3.871608040201005,0.11079957554668794,1.2841221093266038,0.27689355923653713,Julia PIJCV10
3.896683417085427,0.10782569327892749,1.2868630742682343,0.27613564288369413,Julia PIJCV10
3.921758793969849,0.10489567915122103,1.2895300157902387,0.27540018641759156,Julia PIJCV10
3.9468341708542716,0.10201058887223255,1.2921240471389086,0.27468671548365803,Julia PIJCV10
3.9719095477386936,0.09917147815062621,1.2946463080328283,0.27399475693994363,Julia PIJCV10
3.9969849246231157,0.09637940269506605,1.297097964662874,0.27332383864419096,Julia PIJCV10
4.022060301507538,0.09363541821421606,1.2994802096922151,0.27267348924156226,Julia PIJCV10
4.047135678391959,0.0909405804167404,1.301794262256314,0.2720432379531672,Julia PIJCV10
4.072211055276382,0.08829594501130293,1.3040413679629244,0.2714326143655365,Julia PIJCV10
4.0972864321608045,0.08570256770656781,1.3062227988920943,0.27084114822119243,Julia PIJCV10
4.122361809045226,0.0831615042111992,1.3083398535961632,0.270268369210474,Julia PIJCV10
4.147437185929649,0.08067381023386096,1.310393857099763,0.26971380676477835,Julia PIJCV10
4.17251256281407,0.0782405414832173,1.3123861608998197,0.26917698985138583,Julia PIJCV10
4.197587939698493,0.07586275366793212,1.3143181429655506,0.26865744677004516,Julia PIJCV10
4.222663316582914,0.07354150249666963,1.3161912077384654,0.26815470495149785,Julia PIJCV10
4.247738693467337,0.07127784367809374,1.318006786132368,0.2676682907581294,Julia PIJCV10
4.2728140703517585,0.06907283292086862,1.3197663355333538,0.2671977292869459,Julia PIJCV10
4.297889447236181,0.0669275259336582,1.3214713397998106,0.2667425441750731,Julia PIJCV10
4.322964824120603,0.06484297842512668,1.3231233092624193,0.26630225740799296,Julia PIJCV10
4.348040201005025,0.06282024610393792,1.3247237807241543,0.2658763891307334,Julia PIJCV10
4.373115577889447,0.06086038467875617,1.3262743174602807,0.26546445746223923,Julia PIJCV10
4.398190954773869,0.05896444985824533,1.3277765092183573,0.26506597831315726,Julia PIJCV10
4.423266331658292,0.0571334973510695,1.329231972218236,0.2646804652072816,Julia PIJCV10
4.4483417085427135,0.05536858286589281,1.3306423491520605,0.26430742910691085,Julia PIJCV10
4.473417085427136,0.053670762111379194,1.3320093091842675,0.26394637824237804,Julia PIJCV10
4.498492462311558,0.05204109079619279,1.3333345479515861,0.26359681794602585,Julia PIJCV10
4.52356783919598,0.05048062462899757,1.334619787563039,0.2632582504909059,Julia PIJCV10
4.548643216080402,0.048990419318457684,1.3358667765999397,0.2629301749344938,Julia PIJCV10
4.573718592964824,0.04757153057323708,1.337077290115896,0.26261208696771665,Julia PIJCV10
4.598793969849246,0.04622501410199989,1.338253129636807,0.2623034787696058,Julia PIJCV10
4.6238693467336685,0.044951925613410104,1.3393961231608662,0.2620038388678892,Julia PIJCV10
4.64894472361809,0.043753320816131834,1.3405081251585578,0.2617126520058569,Julia PIJCV10
4.674020100502513,0.04263025541882906,1.3415910165726601,0.2614293990158331,Julia PIJCV10
4.699095477386935,0.04158378513016588,1.3426467048182427,0.26115355669960616,Julia PIJCV10
4.724170854271357,0.040614965658806366,1.3436771237826692,0.26088459771617156,Julia PIJCV10
4.749246231155779,0.03972485271341452,1.3446842338255947,0.2606219904771572,Julia PIJCV10
4.774321608040201,0.038914502002654436,1.345670021778968,0.2603651990503035,Julia PIJCV10
4.799396984924623,0.03818496923519012,1.3466365009470294,0.2601136830713883,Julia PIJCV10
4.824472361809045,0.03753731011968567,1.347585711106313,0.2598668976649852,Julia PIJCV10
4.849547738693468,0.0369725803648051,1.348519718505644,0.2596242933744629,Julia PIJCV10
4.874623115577889,0.03649183567921248,1.349440615866142,0.2593853161016318,Julia PIJCV10
4.899698492462312,0.03609613177157185,1.3503505223812178,0.2591494070564609,Julia PIJCV10
4.924773869346733,0.035786524350547286,1.3512515837165757,0.2589160027172861,Julia PIJCV10
4.949849246231156,0.035564069124802804,1.3521459720102125,0.2586845348019473,Julia PIJCV10
4.9749246231155775,0.035429821803002484,1.3530358858724174,0.25845443025029,Julia PIJCV10
5.0,0.035384838093810364,1.3539235503857718,0.25822511121847863,Julia PIJCV10
0.01,0.06204139015597482,0.0005883108942252354,0.9994118621266972,Julia EFS
0.03507537688442211,0.07799557017282538,0.0023445354603625038,0.9976582108162331,Julia EFS
0.06015075376884422,0.0937143199939768,0.004497879695394168,0.9955122206164794,Julia EFS
0.08522613065326633,0.10919077589797842,0.007042354043231997,0.992982385223712,Julia EFS
0.11030150753768844,0.12441807416337969,0.009971796837385557,0.9900777566793814,Julia EFS
0.13537688442211054,0.13938935106872993,0.013279874300962204,0.9868079141933663,Julia EFS
0.16045226130653267,0.15409774289257852,0.016960080546667096,0.9831829319767089,Julia EFS
0.18552763819095477,0.16853638591347492,0.021005737576803192,0.9792133462415611,Julia EFS
0.21060301507537688,0.1826984164099684,0.02540999528327123,0.9749101215263837,Julia EFS
0.235678391959799,0.19657697066060842,0.030165831447569767,0.9702846165038143,Julia EFS
0.2607537688442211,0.2101651849439442,0.03526605174079511,0.9653485494270988,Julia EFS
0.2858291457286432,0.22345619553852547,0.04070328972364147,0.9601139633686145,Julia EFS
0.31090452261306534,0.23644313872290124,0.04647000684640071,0.9545931914008182,Julia EFS
0.3359798994974874,0.24911915077562102,0.052558492448962574,0.9487988218660116,Julia EFS
0.36105527638190954,0.26147736797523424,0.05896086376081458,0.9427436638766548,Julia EFS
0.38613065326633167,0.2735109266002903,0.0656690659010421,0.9364407131826539,Julia EFS
0.41120603015075374,0.2852129629293385,0.07267487187832818,0.9299031185361485,Julia EFS
0.43628140703517587,0.2965766132409281,0.07996988259095378,0.9231441486779015,Julia EFS
0.461356783919598,0.3075950138136088,0.08754552682679759,0.9161771600625046,Julia EFS
0.4864321608040201,0.31826130092592975,0.09539306126333612,0.9090155654323291,Julia EFS
0.5115075376884423,0.3285686108564403,0.10350357046764366,0.9016728033425385,Julia EFS
0.5365829145728643,0.3385100798836899,0.11186796689639232,0.8941623087316014,Julia EFS
0.5616582914572864,0.3480788442862281,0.12047699089585197,0.8864974846236665,Julia EFS
0.5867336683417086,0.35726804034260395,0.12932121070189034,0.8786916750409597,Julia EFS
0.6118090452261307,0.366070804331367,0.1383910224399729,0.8707581391960784,Julia EFS
0.6368844221105527,0.3744802725310667,0.14767665012516284,0.8627100270257811,Julia EFS
0.6619597989949749,0.3824895812202524,0.15716814566212142,0.8545603561196286,Julia EFS
0.687035175879397,0.39009186667747325,0.16685538884510734,0.8463219900887065,Julia EFS
0.7121105527638191,0.39728026518127896,0.17672808735797732,0.8380076184116902,Julia EFS
0.7371859296482413,0.40405326122583907,0.18677580984569048,0.8296297103506423,Julia EFS
0.7622613065326633,0.41043162246082027,0.19698836443223658,0.8212001883875077,Julia EFS
0.7873366834170854,0.41644191908306166,0.20735618862970948,0.8127301132004319,Julia EFS
0.8124120603015076,0.4221107213033877,0.2178703862082522,0.804229674168934,Julia EFS
0.8374874371859297,0.4274645993326229,0.22852272719605773,0.7957082127824247,Julia EFS
0.8625628140703517,0.43253012338159136,0.2393056478793697,0.7871742474603552,Julia EFS
0.8876381909547739,0.43733386366111804,0.2502122508024821,0.7786354995216278,Julia EFS
0.912713567839196,0.44190239038202694,0.26123630476773885,0.7700989200658034,Julia EFS
0.9377889447236181,0.4462622737551425,0.2723722448355347,0.7615707175527996,Julia EFS
0.9628643216080403,0.4504400839912894,0.2836151723243142,0.75305638589105,Julia EFS
0.9879396984924623,0.45446239130129185,0.29496085481057277,0.7445607328663827,Julia EFS
1.0130150753768845,0.45835576589597443,0.3064057261288557,0.7360879087651109,Julia EFS
1.0380904522613066,0.46214677798616144,0.31794688637175883,0.7276414350649294,Julia EFS
1.0631658291457287,0.46586199778267734,0.3295821018899281,0.7192242330861588,Julia EFS
1.0882412060301507,0.4695279954963467,0.3413098052920602,0.7108386525136322,Julia EFS
1.1133165829145728,0.4731713413379937,0.3531290954449016,0.70248649971608,Julia EFS
1.1383919597989949,0.4768186055184429,0.3650397374732497,0.6941690658052188,Julia EFS
1.1634673366834172,0.48049635824851883,0.37704216275995167,0.6858871543909169,Julia EFS
1.1885427135678392,0.4842295857414257,0.38913746126829896,0.67764111420445,Julia EFS
1.2136180904522613,0.4880305043793635,0.40132720755308776,0.6694309823240969,Julia EFS
1.2386934673366834,0.4919051628839769,0.41361317527676267,0.6612566922362216,Julia EFS
1.2637688442211055,0.495859569990341,0.4259972888299202,0.6531181128325613,Julia EFS
1.2888442211055275,0.49989973443353103,0.4384816232744538,0.6450150537738512,Julia EFS
1.3139195979899498,0.5040316649486223,0.451068404343553,0.6369472707278293,Julia EFS
1.338994974874372,0.5082613702706897,0.4637600084417043,0.6289144705208997,Julia EFS
1.364070351758794,0.512594859134809,0.4765589626446908,0.6209163162038388,Julia EFS
1.389145728643216,0.5170381402760549,0.4894679446995921,0.6129524320320028,Julia EFS
1.4142211055276381,0.5215972224295029,0.5024897830247845,0.6050224083605162,Julia EFS
1.4392964824120602,0.5262781143302278,0.5156274567099409,0.5971258064549207,Julia EFS
1.4643718592964825,0.5310868247133056,0.5288840955160308,0.5892621632177174,Julia EFS
1.4894472361809046,0.5360293623138106,0.5422629798753201,0.5814309958311606,Julia EFS
1.5145226130653267,0.5411117358668187,0.5557675408913716,0.5736318063165545,Julia EFS
1.5395979899497487,0.5463399541074047,0.5694013603390446,0.565864086010164,Julia EFS
1.5646733668341708,0.5517200257706438,0.583168170664495,0.5581273199556858,Julia EFS
1.5897487437185929,0.5572579595916117,0.5970718549851755,0.5504209912130287,Julia EFS
1.6148241206030152,0.5629597643053833,0.611116447089835,0.5427445850829367,Julia EFS
1.6398994974874372,0.5688314486470336,0.6253061314385193,0.5350975932467371,Julia EFS
1.6649748743718593,0.574879021351638,0.639645243162571,0.5274795178202385,Julia EFS
1.6900502512562814,0.5811083766041518,0.654138267865518,0.5198898754240254,Julia EFS
1.7151256281407035,0.5875146694382586,0.6687897529609816,0.5123282464781129,Julia EFS
1.7402010050251255,0.5940736957821859,0.6836038480048738,0.5047945076798102,Julia EFS
1.7652763819095478,0.6007592230394347,0.6985840539513941,0.4972889398278813,Julia EFS
1.79035175879397,0.6075450186135061,0.7137332139624981,0.4898122062137616,Julia EFS
1.815427135678392,0.614404849907901,0.7290535134078978,0.48236532641197444,Julia EFS
1.840502512562814,0.6213124843261207,0.7445464798650617,0.4749496503328595,Julia EFS
1.8655778894472361,0.628241689271666,0.7602129831192133,0.4675668325618779,Julia EFS
1.8906532663316582,0.635166232148038,0.7760532351633338,0.4602188070175941,Julia EFS
1.9157286432160805,0.6420598803587378,0.7920667901981592,0.4529077619671706,Julia EFS
1.9408040201005026,0.6488964013072664,0.808252544632182,0.4456361154438357,Julia EFS
1.9658793969849246,0.655649562397125,0.8246087370816513,0.438406491115367,Julia EFS
1.9909547738693467,0.6622931310318145,0.8411329483705716,0.4312216946561702,Julia EFS
2.016030150753769,0.6688008746148358,0.8578221015307044,0.42408469067808097,Julia EFS
2.041105527638191,0.67514656054969,0.8746724618015664,0.41699858027661457,Julia EFS
2.066180904522613,0.6813039562398784,0.8916796366304309,0.4099665792500785,Julia EFS
2.091256281407035,0.6872468290889018,0.9088385756723276,0.40299199704880406,Julia EFS
2.116331658291457,0.6929489465002613,0.9261435707900421,0.3960782165108018,Julia EFS
2.1414070351758796,0.698384075877458,0.9435882560541157,0.3892286744384614,Julia EFS
2.1664824120603017,0.703525984623993,0.9611656077428463,0.38244684306857246,Julia EFS
2.1915577889447238,0.708348440143367,0.978867944342288,0.37573621248500305,Julia EFS
2.216633165829146,0.7128252098390813,0.9966869265462506,0.3691002740199172,Julia EFS
2.241708542713568,0.716930061114637,1.0146135572563006,0.3625425046855102,Julia EFS
2.26678391959799,0.7206367613735349,1.03263818158176,0.35606635267397874,Julia EFS
2.291859296482412,0.7239190780192764,1.0507504868397075,0.34967522395888834,Julia EFS
2.316934673366834,0.7267512728838679,1.0689395037368343,0.34337246962052825,Julia EFS
2.342010050251256,0.7291291346169237,1.0871938039904567,0.3371613081369441,Julia EFS
2.3670854271356783,0.7310778282967652,1.105502292249138,0.3310445593578454,Julia EFS
2.3921608040201003,0.7326246310740311,1.1238545489546128,0.32502455392926544,Julia EFS
2.4172361809045224,0.7337968200993605,1.14224083853345,0.31910316139184874,Julia EFS
2.442311557788945,0.7346216725233927,1.1606521093970494,0.3132818202381969,Julia EFS
2.467386934673367,0.7351264654967661,1.1790799939416439,0.30756156698421216,Julia EFS
2.492462311557789,0.7353384761701202,1.197516808548299,0.3019430641915134,Julia EFS
2.517537688442211,0.7352849816940938,1.2159555535829136,0.29642662739404707,Julia EFS
2.5426130653266332,0.7349932592193259,1.2343899133962175,0.2910122508964681,Julia EFS
2.5676884422110553,0.7344905858964554,1.2528142563237756,0.2856996324247973,Julia EFS
2.5927638190954774,0.7338042388761215,1.2712236346859824,0.2804881966213685,Julia EFS
2.6178391959798994,0.7329614953089632,1.2896137847880673,0.2753771173862219,Julia EFS
2.6429145728643215,0.7319896323456188,1.3079811269200916,0.270365339076007,Julia EFS
2.6679899497487436,0.7309159271367281,1.3263227653569494,0.2654515965791788,Julia EFS
2.6930653266331657,0.7297676568329299,1.3446364883583666,0.26063443429292793,Julia EFS
2.7181407035175877,0.728572098584863,1.3629207681689026,0.25591222403294733,Julia EFS
2.7432160804020103,0.7273565295431665,1.3811747610179492,0.25128318191189425,Julia EFS
2.7682914572864323,0.7261482268584794,1.3993983071197298,0.24674538422634293,Julia EFS
2.7933668341708544,0.7249744676814405,1.4175919306733027,0.2422967823952078,Julia EFS
2.8184422110552765,0.7238625291626892,1.4357568398625562,0.2379352169951355,Julia EFS
2.8435175879396986,0.7228396884528638,1.4538949268562127,0.23365843094026345,Julia EFS
2.8685929648241206,0.7219332227026042,1.4720087678078277,0.2294640818551136,Julia EFS
2.8936683417085427,0.7211704090625486,1.4901016228557868,0.22534975369026192,Julia EFS
2.9187437185929648,0.7205785246833364,1.508177436123312,0.22131296763086367,Julia EFS
2.943819095477387,0.7201848467156065,1.5262408357184543,0.21735119234817796,Julia EFS
2.968894472361809,0.7200166523099978,1.5442971337341,0.21346185364393136,Julia EFS
2.993969849246231,0.7201012186171492,1.5623523262479648,0.20964234353677427,Julia EFS
3.019045226130653,0.7204658227876999,1.5804130933226017,0.205890028839196,Julia EFS
3.0441206030150756,0.7211377419722889,1.5984867990053924,0.2022022592721554,Julia EFS
3.0691959798994977,0.7221397932802306,1.6165814660526103,0.19857638018252788,Julia EFS
3.0942713567839197,0.7234709648349065,1.6347054049443432,0.1950098117642789,Julia EFS
3.119346733668342,0.7251223192272678,1.652866756504063,0.1915001367037358,Julia EFS
3.144422110552764,0.727084913711783,1.6710734373157403,0.18804510263061913,Julia EFS
3.169497487437186,0.7293498055429208,1.6893331397206297,0.18464261377158905,Julia EFS
3.194572864321608,0.7319080519751495,1.7076533318172722,0.18129072300831262,Julia EFS
3.21964824120603,0.7347507102629374,1.7260412574614927,0.17798762430892182,Julia EFS
3.244723618090452,0.7378688376607528,1.744503936266403,0.1747316455038974,Julia EFS
3.2697989949748743,0.7412534914230648,1.7630481636024002,0.17152124138002908,Julia EFS
3.2948743718592963,0.7448957288043412,1.781680510597166,0.16835498706852242,Julia EFS
3.3199497487437184,0.7487866070590502,1.8004073241356673,0.1652315717055665,Julia EFS
3.345025125628141,0.7529171834416608,1.819234726860158,0.16214979234575988,Julia EFS
3.370100502512563,0.757278515206641,1.8381686171701759,0.15910854811072164,Julia EFS
3.395175879396985,0.7618616596084594,1.857214669222544,0.15610683455699909,Julia EFS
3.420251256281407,0.7666576739015846,1.8763783329313728,0.15314373824904243,Julia EFS
3.445326633165829,0.7716576153404847,1.8956648339680566,0.150218431524547,Julia EFS
3.4704020100502513,0.7768525411796283,1.9150791737612742,0.14733016744087588,Julia EFS
3.4954773869346734,0.7822335086734837,1.9346261294969929,0.1444782748925825,Julia EFS
3.5205527638190954,0.7877915750765193,1.9543102541184623,0.14166215389125558,Julia EFS
3.5456281407035175,0.7935177976432036,1.9741358763262182,0.1388812710000058,Julia EFS
3.5707035175879396,0.7994032336280051,1.9941071005780837,0.13613515491592937,Julia EFS
3.5957788944723617,0.8054389402853921,2.014227807089164,0.13342339219480262,Julia EFS
3.6208542713567837,0.8116159748698332,2.0345016518318526,0.130745623113097,Julia EFS
3.6459296482412062,0.8179253946357964,2.054932066535829,0.12810153766316637,Julia EFS
3.6710050251256283,0.8243582568377505,2.0755222586880535,0.12549087167813497,Julia EFS
3.6960804020100504,0.8309056187301637,2.0962752115327756,0.12291340308362479,Julia EFS
3.7211557788944725,0.8375585375675045,2.117193684071531,0.12036894827400227,Julia EFS
3.7462311557788945,0.8443080706042414,2.138280211063138,0.1178573586112969,Julia EFS
3.7713065326633166,0.8511452750948427,2.159537103023702,0.11537851704535398,Julia EFS
3.7963819095477387,0.8580612082937769,2.1809664462266127,0.11293233485413894,Julia EFS
3.8214572864321608,0.8650469274555123,2.2025701027025457,0.11051874850340383,Julia EFS
3.846532663316583,0.8720934898345174,2.2243497102394634,0.1081377166251695,Julia EFS
3.871608040201005,0.8791919526852607,2.2463066823826123,0.10578921711466986,Julia EFS
3.896683417085427,0.8863333732622103,2.268442208434523,0.10347324434554807,Julia EFS
3.921758793969849,0.8935088088198351,2.2907572534550145,0.10118980650319509,Julia EFS
3.9468341708542716,0.9007093166126031,2.3132525582611883,0.09893892303618339,Julia EFS
3.9719095477386936,0.9079259538949829,2.3359286394274337,0.0967206222257641,Julia EFS
3.9969849246231157,0.9151497779214426,2.358785789285424,0.09453493887338824,Julia EFS
4.022060301507538,0.9223718459464512,2.3818240759241185,0.09238191210616094,Julia EFS
4.047135678391959,0.9295832152244765,2.405043343189761,0.0902615833000658,Julia EFS
4.072211055276382,0.9367749430099879,2.4284432106858826,0.08817399412069214,Julia EFS
4.0972864321608045,0.9439380865574527,2.4520230737732973,0.08611918468107521,Julia EFS
4.122361809045226,0.9510637031213398,2.4757821035701073,0.0840971918161111,Julia EFS
4.147437185929649,0.9581428499561178,2.499719246951698,0.08210804747284822,Julia EFS
4.17251256281407,0.9651665843162542,2.5238332265507397,0.08015177721577657,Julia EFS
4.197587939698493,0.972125963456219,2.548122540757192,0.07822839884604782,Julia EFS
4.222663316582914,0.9790120446304791,2.5725854637182946,0.0763379211333616,Julia EFS
4.247738693467337,0.9858158850935039,2.5972200453385774,0.07448034265904346,Julia EFS
4.2728140703517585,0.9925285420997614,2.6220241112798526,0.07265565076863637,Julia EFS
4.297889447236181,0.9991410729037201,2.64699526296122,0.07086382063211007,Julia EFS
4.322964824120603,1.0056445347598482,2.6721308775590615,0.06910481440958666,Julia EFS
4.348040201005025,1.0120299849226146,2.697428108007049,0.06737858052026853,Julia EFS
4.373115577889447,1.0182884806464871,2.7228838829961353,0.06568505301205507,Julia EFS
4.398190954773869,1.0244110791859347,2.7484949069745626,0.06402415102913385,Julia EFS
4.423266331658292,1.0303888377954253,2.7742576601478555,0.06239577837464723,Julia EFS
4.4483417085427135,1.0362128137294278,2.8001683984788244,0.060799823165353595,Julia EFS
4.473417085427136,1.0418740642424107,2.8262231536875673,0.0592361575750372,Julia EFS
4.498492462311558,1.0473636465888416,2.852417733251465,0.05770463766326602,Julia EFS
4.52356783919598,1.0526726180231896,2.878747720405187,0.05620510328595449,Julia EFS
4.548643216080402,1.0577920357999229,2.905208474140682,0.05473737808406498,Julia EFS
4.573718592964824,1.06271295717351,2.931795129207193,0.05330126954666699,Julia EFS
4.598793969849246,1.0674264393984192,2.9585025961112397,0.051896569144484476,Julia EFS
4.6238693467336685,1.0719235397291191,2.9853255611166345,0.050523052529976464,Julia EFS
4.64894472361809,1.076195315420078,3.012258486244468,0.04918047979994289,Julia EFS
4.674020100502513,1.0802328237257646,3.039295609273124,0.04786859581659603,Julia EFS
4.699095477386935,1.0840271219006465,3.066430943738266,0.046587130583018,Julia EFS
4.724170854271357,1.087569267199193,3.0936582789328435,0.045335799668908654,Julia EFS
4.749246231155779,1.090850316875872,3.1209711799070954,0.04411430468253862,Julia EFS
4.774321608040201,1.0938613281851521,3.148362987468539,0.04292233378484497,Julia EFS
4.799396984924623,1.096593358381502,3.175826818181986,0.041759562241642526,Julia EFS
4.824472361809045,1.0990374647193897,3.2033555643695246,0.040625653009983345,Julia EFS
4.849547738693468,1.1011847044532836,3.230941894110536,0.03952025735475918,Julia EFS
4.874623115577889,1.1030261348376522,3.2585782512416808,0.03844301549173026,Julia EFS
4.899698492462312,1.1045528131269642,3.286256855356909,0.03739355725325404,Julia EFS
4.924773869346733,1.1057557965756877,3.313969701807454,0.036371502773099015,Julia EFS
4.949849246231156,1.1066261424382913,3.3417085617018363,0.035376463186844766,Julia EFS
4.9749246231155775,1.1071549079692429,3.3694649819058586,0.034408041344500206,Julia EFS
5.0,1.107333150423012,3.3972302850426135,0.03346583253210878,Julia EFS
0.01,0.06648498175289302,0.0006344710925427602,0.9993657301416795,Julia CV10
0.03507537688442211,0.08160176563003131,0.0024915312517788295,0.997511570036024,Julia CV10
0.06015075376884422,0.09652611355145671,0.004725252679718858,0.9952858937632272,Julia CV10
0.08522613065326633,0.11125088651595538,0.007330720465674221,0.9926960837275899,Julia CV10
0.11030150753768844,0.1257689455223136,0.010302840685810286,0.9897500517739097,Julia CV10
0.13537688442211054,0.14007315156931746,0.013636340403146402,0.9864562133110348,Julia CV10
0.16045226130653267,0.15415636565575322,0.0173257676675559,0.9828234603720813,Julia CV10
0.18552763819095477,0.16801144878040708,0.021365491515766097,0.9788611337418813,Julia CV10
0.21060301507537688,0.18163126194206514,0.0257497019713583,0.9745789942840711,Julia CV10
0.235678391959799,0.19500866613951368,0.03047241004476782,0.9699871936012813,Julia CV10
0.2607537688442211,0.20813652237153885,0.03552744773328389,0.9650962441621529,Julia CV10
0.2858291457286432,0.22100769163692685,0.04090846802104982,0.9599169890284135,Julia CV10
0.31090452261306534,0.2336150349344639,0.04660894487906282,0.9544605713140127,Julia CV10
0.3359798994974874,0.24595141326293615,0.05262217326517413,0.9487384035063803,Julia CV10
0.36105527638190954,0.2580096876211298,0.05894126912408898,0.9427621367772581,Julia CV10
0.38613065326633167,0.2697827190078311,0.06555916938736654,0.936543630407315,Julia CV10
0.41120603015075374,0.28126336842182614,0.07246863197342006,0.9300949214449161,Julia CV10
0.43628140703517587,0.2924444968619011,0.07966223578751665,0.9234281947150413,Julia CV10
0.461356783919598,0.3033189653268423,0.08713238072177752,0.9165557532894661,Julia CV10
0.4864321608040201,0.3138796348154359,0.09487128765517777,0.9094899895239984,Julia CV10
0.5115075376884423,0.32411936632646793,0.10287099845354657,0.9022433567628432,Julia CV10
0.5365829145728643,0.3340310208587247,0.11112337596956698,0.8948283418041119,Julia CV10
0.5616582914572864,0.3436074594109926,0.11962010404277618,0.8872574382141457,Julia CV10
0.5867336683417086,0.35284154298205744,0.12835268749956516,0.8795431205717456,Julia CV10
0.6118090452261307,0.36172613257070557,0.1373124521531791,0.8716978197166481,Julia CV10
0.6368844221105527,0.37025408917572333,0.14649054480371693,0.8637338990697052,Julia CV10
0.6619597989949749,0.3784182737958967,0.15587793323813182,0.8556636320852749,Julia CV10
0.687035175879397,0.3862115474300119,0.16546540623023068,0.8474991808893585,Julia CV10
0.7121105527638191,0.3936267710768554,0.1752435735406746,0.8392525761500751,Julia CV10
0.7371859296482413,0.4006617431061371,0.1852028964479625,0.8309356728509106,Julia CV10
0.7622613065326633,0.4073348332728408,0.19533403718898237,0.8225598465810257,Julia CV10
0.7873366834170854,0.4136697681331202,0.20562821891565053,0.8141357002779535,Julia CV10
0.8124120603015076,0.41969027425604033,0.21607725973254385,0.8056730533842376,Julia CV10
0.8374874371859297,0.4254200782106661,0.22667357269690025,0.7971809614543679,Julia CV10
0.8625628140703517,0.4308829065660623,0.2374101658186195,0.7886677371193719,Julia CV10
0.8876381909547739,0.43610248589129424,0.2482806420602628,0.7801409721834929,Julia CV10
0.912713567839196,0.4411025427554264,0.25927919933705246,0.7716075606472267,Julia CV10
0.9377889447236181,0.4459068037275239,0.2704006305168728,0.7630737224703272,Julia CV10
0.9628643216080403,0.45053899537665154,0.28164032342026935,0.7545450279071257,Julia CV10
0.9879396984924623,0.45502284427187445,0.292994260820449,0.7460264222645223,Julia CV10
1.0130150753768845,0.4593820769822573,0.3044590204432803,0.7375222509502579,Julia CV10
1.0380904522613066,0.4636404200768653,0.3160317749672933,0.7290362846954829,Julia CV10
1.0631658291457287,0.46782160012476326,0.3277102920236794,0.7205717448511663,Julia CV10
1.0882412060301507,0.4719493436950158,0.3394929341962915,0.712131328672518,Julia CV10
1.1133165829145728,0.4760473773566883,0.35137865902164406,0.7037172345192927,Julia CV10
1.1383919597989949,0.48013942767884543,0.36336701898891305,0.6953311869126079,Julia CV10
1.1634673366834172,0.48424922123055214,0.37545816153993583,0.686974461400737,Julia CV10
1.1885427135678392,0.4883989720813099,0.38765282173815446,0.6786479141724362,Julia CV10
1.2136180904522613,0.49259870087079594,0.39995215613314267,0.6703521175058791,Julia CV10
1.2386934673366834,0.49685253897232773,0.41235747016284247,0.6620875571977919,Julia CV10
1.2637688442211055,0.5011645795775563,0.42487017195780763,0.6538546682910833,Julia CV10
1.2888442211055275,0.5055389158781325,0.4374917722869158,0.6456538386605745,Julia CV10
1.3139195979899498,0.5099796410657073,0.4502238845573678,0.6374854125044205,Julia CV10
1.338994974874372,0.5144908483319314,0.46306822481468757,0.6293496937772044,Julia CV10
1.364070351758794,0.5190766308684561,0.47602661174272265,0.6212469495634919,Julia CV10
1.389145728643216,0.5237410818669321,0.48910096666364344,0.6131774133907235,Julia CV10
1.4142211055276381,0.5284882945190105,0.5022933135379444,0.6051412884803893,Julia CV10
1.4392964824120602,0.5333223620163419,0.5156057789644425,0.5971387509364867,Julia CV10
1.4643718592964825,0.5382473775505774,0.5290405921802785,0.5891699528703005,Julia CV10
1.4894472361809046,0.5432674343133679,0.5426000850609162,0.5812350254605696,Julia CV10
1.5145226130653267,0.5483866254963646,0.5562866921201428,0.5733340819481157,Julia CV10
1.5395979899497487,0.5536090442912182,0.5701029505100692,0.5654672205640107,Julia CV10
1.5646733668341708,0.5589387838895795,0.5840515000211287,0.5576345273903421,Julia CV10
1.5897487437185929,0.5643799374830997,0.5981350830820789,0.5498360791526153,Julia CV10
1.6148241206030152,0.5699365982634295,0.6123565447600002,0.5420719459427968,Julia CV10
1.6398994974874372,0.57561285942222,0.6267188327602958,0.5343421938719564,Julia CV10
1.6649748743718593,0.581412814151122,0.6412249974266938,0.5266468876514153,Julia CV10
1.6900502512562814,0.5873404637754709,0.655878191581562,0.5189860931841249,Julia CV10
1.7151256281407035,0.5933911970913356,0.6706815994211418,0.5113599163533438,Julia CV10
1.7402010050251255,0.5995448773790253,0.6856380678735285,0.5037686883874342,Julia CV10
1.7652763819095478,0.6057797410930296,0.7007499055082866,0.49621305133129223,Julia CV10
1.79035175879397,0.6120740246878372,0.7160188751658746,0.4886939399328468,Julia CV10
1.815427135678392,0.6184059646179381,0.731446193957645,0.4812125599285257,Julia CV10
1.840502512562814,0.6247537973378212,0.7470325332658445,0.47377036662795785,Julia CV10
1.8655778894472361,0.6310957593019758,0.7627780187436135,0.4663690438216916,Julia CV10
1.8906532663316582,0.6374100869648914,0.7786822303149867,0.4590104830401403,Julia CV10
1.9157286432160805,0.6436750167810573,0.7947442021748927,0.45169676319565527,Julia CV10
1.9408040201005026,0.6498687852049625,0.8109624227891534,0.4444301306425784,Julia CV10
1.9658793969849246,0.6559696286910967,0.8273348348944858,0.43721297969238726,Julia CV10
1.9909547738693467,0.6619557836939488,0.8438588354984999,0.4300478336226248,Julia CV10
2.016030150753769,0.6678054866680083,0.8605312758797004,0.4229373262192431,Julia CV10
2.041105527638191,0.6734969740677644,0.8773484615874856,0.4158841838923223,Julia CV10
2.066180904522613,0.6790084823477067,0.8943061524421475,0.4088912084048784,Julia CV10
2.091256281407035,0.6843182479623242,0.9113995625348728,0.4019612602537005,Julia CV10
2.116331658291457,0.689404507366106,0.928623360227742,0.3950972427398895,Julia CV10
2.1414070351758796,0.6942454970135421,0.9459716681537291,0.38830208676505956,Julia CV10
2.1664824120603017,0.6988194533591212,0.9634380632167023,0.3815787363870516,Julia CV10
2.1915577889447238,0.7031046128573327,0.9810155765914238,0.3749301351665485,Julia CV10
2.216633165829146,0.7070792119626659,0.99869669372355,0.3683592133332208,Julia CV10
2.241708542713568,0.7107214871296104,1.016473354329631,0.3618688757970207,Julia CV10
2.26678391959799,0.7140096748126552,1.034336952397111,0.3554619910270316,Julia CV10
2.291859296482412,0.7169220114662895,1.052278336184328,0.3491413808169269,Julia CV10
2.316934673366834,0.7194371555246679,1.070287809229193,0.34290981060674885,Julia CV10
2.342010050251256,0.7215521379048775,1.088355299012702,0.3367699242950418,Julia CV10
2.3670854271356783,0.7232890614108445,1.1064710328390586,0.3307240183417374,Julia CV10
2.3921608040201003,0.7246718314358657,1.1246258304578793,0.324773965152379,Julia CV10
2.4172361809045224,0.7257243533732382,1.1428111110555284,0.3189212375052257,Julia CV10
2.442311557788945,0.726470532616259,1.1610188932551155,0.31316693459389583,Julia CV10
2.467386934673367,0.7269342745582255,1.1792417951164973,0.30751180718703974,Julia CV10
2.492462311557789,0.7271394845924343,1.1974730341362771,0.30195628186090817,Julia CV10
2.517537688442211,0.7271100681121827,1.2157064272478046,0.2965004842728232,Julia CV10
2.5426130653266332,0.7268699305107676,1.2339363908211753,0.2911442614544849,Julia CV10
2.5676884422110553,0.7264429771814864,1.2521579406632322,0.28588720311382654,Julia CV10
2.5927638190954774,0.7258531135176354,1.270366692017564,0.2807286619428227,Julia CV10
2.6178391959798994,0.7251242449125123,1.288558859564507,0.27566777293632444,Julia CV10
2.6429145728643215,0.7242802767594139,1.3067312574211423,0.27070347173372045,Julia CV10
2.6679899497487436,0.7233451144516374,1.3248812991412993,0.2658345120010575,Julia CV10
2.6930653266331657,0.7223426633824795,1.3430069977155523,0.26105948187628314,Julia CV10
2.7181407035175877,0.7212968289452375,1.3611069655712233,0.2563768195045409,Julia CV10
2.7432160804020103,0.7202315165332085,1.3791804145723803,0.25178482769404154,Julia CV10
2.7682914572864323,0.7191706315396893,1.3972271560198375,0.2472816877259926,Julia CV10
2.7933668341708544,0.718138079357977,1.4152476006511563,0.24286547235446432,Julia CV10
2.8184422110552765,0.7171577653813689,1.4332427586406438,0.2385341580339516,Julia CV10
2.8435175879396986,0.7162535950031618,1.4512142395993544,0.2342856364138068,Julia CV10
2.8685929648241206,0.7154494736166527,1.469164252575088,0.23011772513972356,Julia CV10
2.8936683417085427,0.7147693066151388,1.4870956060523919,0.22602817800307665,Julia CV10
2.9187437185929648,0.7142369993919171,1.5050117079525602,0.22201469447922226,Julia CV10
2.943819095477387,0.7138764573402845,1.5229165656336319,0.21807492869585945,Julia CV10
2.968894472361809,0.7137115858535381,1.540814785890394,0.2142064978722841,Julia CV10
2.993969849246231,0.713766290324975,1.5587115749543794,0.2104069902698671,Julia CV10
3.019045226130653,0.7140644761478924,1.5766127384938675,0.20667397269336735,Julia CV10
3.0441206030150756,0.714630048715587,1.5945246816138847,0.2030049975817882,Julia CV10
3.0691959798994977,0.7154830118176552,1.612454386745038,0.1993976141353204,Julia CV10
3.0942713567839197,0.7166225238629146,1.6304090891091365,0.19584943786452996,Julia CV10
3.119346733668342,0.718040810076292,1.6483958766069386,0.1923582275965346,Julia CV10
3.144422110552764,0.719730091014408,1.6664216420695386,0.18892188767628484,Julia CV10
3.169497487437186,0.7216825872338832,1.684493083255557,0.18553846067404542,Julia CV10
3.194572864321608,0.7238905192913381,1.7026167028511372,0.18220612043859305,Julia CV10
3.21964824120603,0.7263461077433929,1.7207988084699486,0.17892316547125564,Julia CV10
3.244723618090452,0.7290415731466682,1.7390455126531867,0.1756880125975255,Julia CV10
3.2697989949748743,0.7319691360577844,1.7573627328695725,0.17249919091499585,Julia CV10
3.2948743718592963,0.7351210170333617,1.7757561915153506,0.16935533599824243,Julia CV10
3.3199497487437184,0.7384894366300206,1.7942314159142925,0.16625518434300787,Julia CV10
3.345025125628141,0.7420666154043821,1.812793738317695,0.1631975680336603,Julia CV10
3.370100502512563,0.7458447739130658,1.8314482959043792,0.1601814096193907,Julia CV10
3.395175879396985,0.7498161327126925,1.8502000307806918,0.15720571718599777,Julia CV10
3.420251256281407,0.7539729123598827,1.8690536899805053,0.15426957961139548,Julia CV10
3.445326633165829,0.7583073334112568,1.888013825465217,0.15137216199416365,Julia CV10
3.4704020100502513,0.7628116164234351,1.9070847941237503,0.14851270124556096,Julia CV10
3.4954773869346734,0.7674779819530382,1.9262707577725526,0.14569050183643303,Julia CV10
3.5205527638190954,0.7722986505566863,1.9455756831555986,0.14290493169138146,Julia CV10
3.5456281407035175,0.7772658427910001,1.9650033419443862,0.14015541822341956,Julia CV10
3.5707035175879396,0.7823717792125997,1.984557310737939,0.13744144450312512,Julia CV10
3.5957788944723617,0.7876086803781058,2.004240971062807,0.13476254555702252,Julia CV10
3.6208542713567837,0.7929687668441388,2.024057509373064,0.13211830479058184,Julia CV10
3.6459296482412062,0.7984442591673189,2.044009917050312,0.12950835053181567,Julia CV10
3.6710050251256283,0.8040273779042668,2.064100990403675,0.12693235269199502,Julia CV10
3.6960804020100504,0.8097103436116029,2.084333330669803,0.12439001954048394,Julia CV10
3.7211557788944725,0.8154853768459474,2.1047093440128726,0.12188109459112721,Julia CV10
3.7462311557788945,0.8213446981639209,2.1252312415245846,0.11940535359800405,Julia CV10
3.7713065326633166,0.8272805281221438,2.145901039224167,0.11696260165869568,Julia CV10
3.7963819095477387,0.8332850872772368,2.16672055805837,0.11455267042350564,Julia CV10
3.8214572864321608,0.8393505961858198,2.1876914239014704,0.11217541540931783,Julia CV10
3.846532663316583,0.8454692754045134,2.2088150675552725,0.10983071341698762,Julia CV10
3.871608040201005,0.8516333454899385,2.230092724749103,0.10751846005133311,Julia CV10
3.896683417085427,0.8578350269987148,2.251525436139814,0.10523856734292675,Julia CV10
3.921758793969849,0.8640665404874632,2.2731140473117852,0.10299096147099465,Julia CV10
3.9468341708542716,0.8703201065128041,2.294859208776921,0.10077558058680265,Julia CV10
3.9719095477386936,0.8765879456313577,2.3167613759746475,0.09859237273695252,Julia CV10
3.9969849246231157,0.8828622783997444,2.3388208092719207,0.09644129388603004,Julia CV10
4.022060301507538,0.8891353253745848,2.3610375739632206,0.09432230603804384,Julia CV10
4.047135678391959,0.8953993071124997,2.3834115402705516,0.09223537545606404,Julia CV10
4.072211055276382,0.9016464441701089,2.405942383343444,0.09018047097942404,Julia CV10
4.0972864321608045,0.9078689571040333,2.4286295832589544,0.08815756243778493,Julia CV10
4.122361809045226,0.9140590664708927,2.451472425021661,0.08616661916128189,Julia CV10
4.147437185929649,0.9202089928273083,2.474469998563672,0.08420760858587709,Julia CV10
4.17251256281407,0.9263109567298997,2.4976211987446173,0.08228049495294205,Julia CV10
4.197587939698493,0.9323571787352882,2.5209247253516556,0.08038523810197327,Julia CV10
4.222663316582914,0.9383398794000934,2.5443790830994666,0.07852179235522719,Julia CV10
4.247738693467337,0.9442512792809366,2.5679825816302597,0.07669010549292771,Julia CV10
4.2728140703517585,0.9500835989344373,2.5917333355137657,0.07489011781757207,Julia CV10
4.297889447236181,0.9558290589172169,2.6156292642472447,0.07312176130572023,Julia CV10
4.322964824120603,0.9614798797858948,2.639668092255478,0.07138495884552255,Julia CV10
4.348040201005025,0.9670282820970924,2.663847348890776,0.06967962355809974,Julia CV10
4.373115577889447,0.9724664864074293,2.68816436843297,0.0680056582007612,Julia CV10
4.398190954773869,0.9777867132735265,2.7126162900894215,0.0663629546499118,Julia CV10
4.423266331658292,0.9829811832520045,2.7372000579950146,0.0647513934613779,Julia CV10
4.4483417085427135,0.9880421168994828,2.7619124212121573,0.06317084350575804,Julia CV10
4.473417085427136,0.992961734772583,2.786749933730787,0.061621161676293855,Julia CV10
4.498492462311558,0.9977322574279248,2.8117089544683624,0.06010219266665128,Julia CV10
4.52356783919598,1.0023459054221289,2.83678564726987,0.058613768815902925,Julia CV10
4.548643216080402,1.0067948993118159,2.861975980907821,0.05715571001791733,Julia CV10
4.573718592964824,1.0110714596536057,2.887275729082252,0.05572782369228117,Julia CV10
4.598793969849246,1.015167807004119,2.9126804704207236,0.05432990481381373,Julia CV10
4.6238693467336685,1.0190761619199764,2.938185588478323,0.052961735997675126,Julia CV10
4.64894472361809,1.0227887449577981,2.9637862717376615,0.051623087637025306,Julia CV10
4.674020100502513,1.0262977766742047,2.9894775136088807,0.05031371809015452,Julia CV10
4.699095477386935,1.0295954776258165,3.0152541124296386,0.04903337391398483,Julia CV10
4.724170854271357,1.032674068369254,3.041110671465125,0.04778179014082663,Julia CV10
4.749246231155779,1.0355257694611375,3.067041598908054,0.046558690595278444,Julia CV10
4.774321608040201,1.0381428014580876,3.0930411078786633,0.04536378824816449,Julia CV10
4.799396984924623,1.0405173849167246,3.11910321642472,0.04419678560442773,Julia CV10
4.824472361809045,1.042641740393669,3.1452217475215085,0.043057375121928886,Julia CV10
4.849547738693468,1.0445080884455413,3.1713903290718477,0.041945239658141314,Julia CV10
4.874623115577889,1.0461086496289616,3.1976023939060743,0.04086005294178823,Julia CV10
4.899698492462312,1.0474356445005506,3.223851179782056,0.039801480066524994,Julia CV10
4.924773869346733,1.0484812936169288,3.2501297293851827,0.03876917800384434,Julia CV10
4.949849246231156,1.0492378175347166,3.2764308903283714,0.037762796132457206,Julia CV10
4.9749246231155775,1.0496974368105345,3.302747315152061,0.03678197678149072,Julia CV10
5.0,1.0498523720010022,3.3290714613242196,0.03582635578493637,Julia CV10
